CIM10;Description;Requete 1;Requete 2;Requete 3
C30.1;T.M. DE L'OREILLE MOY.;1 TETE requete;;
C41.8;T.M. A LOC. CONTIGUES DES OS ET DU CARTILAGE ARTIC.;1 TETE requete;;
C41.9;T.M. DES OS ET DU CARTILAGE ARTIC., SAI;1 TETE requete;;
C43.2;MELANOME MALIN DE L'OREILLE ET DU CONDUIT AUDITIF EXT.;1 TETE requete;;
C43.4;MELANOME MALIN DU CUIR CHEVELU ET DU COU;1 TETE requete;;
C43.8;LES. A LOC. CONTIGUES D'UN MELANOME MALIN DE LA PEAU;1 TETE requete;;
C43.9;MELANOME DE LA PEAU, SAI;1 TETE requete;;
C44.2;T.M. DE LA PEAU DE L'OREILLE ET DU CONDUIT AUDITIF EXT.;1 TETE requete;;
C44.4;T.M. DE LA PEAU DU CUIR CHEVELU ET DU COU;1 TETE requete;;
C44.8;T.M. A LOC. CONTIGUES DE LA PEAU;1 TETE requete;;
C44.9;T.M. DE LA PEAU, SAI;1 TETE requete;;
C45.7;MESOTHELIOME D'AUTRES SIEGES;1 TETE requete;;
C46;SARCOME DE KAPOSI;1 TETE requete;;
C46.0;SARCOME DE KAPOSI DE LA PEAU;1 TETE requete;;
C46.1;SARCOME DE KAPOSI DES TISSUS MOUS;1 TETE requete;;
C47.0;T.M. DES NERFS PERIPH. DE TETE, FACE, COU;1 TETE requete;;
C49.0;T.M. DU TISSU CONJ. ET DES TISSUS MOUS NCA DE TETE, FACE, COU;1 TETE requete;;
C70.0;T.M. DES MENINGES CEREB.;1 TETE requete;;
C70.1;T.M. DES MENINGES RACH.;1 TETE requete;;
C70.9;T.M. DES MENINGES, SAI;1 TETE requete;;
C71.0;T.M. DU CERVEAU, SAUF LOBES ET VENTRICULES;1 TETE requete;;
C71.1;T.M. DU LOBE FRONTAL;1 TETE requete;;
C71.2;T.M. DU LOBE TEMPORAL;1 TETE requete;;
C71.3;T.M. DU LOBE PARIETAL;1 TETE requete;;
C71.4;T.M. DU LOBE OCCIPITAL;1 TETE requete;;
C71.5;T.M. D'UN VENTRICULE CEREB.;1 TETE requete;;
C71.6;T.M. DU CERVELET;1 TETE requete;;
C71.7;T.M. DU TRONC CEREB.;1 TETE requete;;
C71.8;T.M. A LOC. CONTIGUES DE L'ENCEPHALE;1 TETE requete;;
C71.9;T.M. DE L'ENCEPHALE, SAI;1 TETE requete;;
C72.0;T.M. DE LA MOELLE EP.;1 TETE requete;;
C72.1;T.M. DE LA QUEUE DE CHEVAL;1 TETE requete;;
C72.2;T.M. DU NERF OLFACTIF;1 TETE requete;;
C72.4;T.M. DU NERF AUDITIF;1 TETE requete;;
C72.5;T.M. DES NERFS CRANIENS, NCA OU SAI;1 TETE requete;;
C72.8;T.M. A LOC. CONTIGUES DE L'ENCEPHALE ET D'AUTRES PARTIES DU S.N.C.;1 TETE requete;;
C72.9;T.M. DU SYST. NERV. CENTRAL, SAI;1 TETE requete;;
C75.1;T.M. DE L'HYPOPHYSE;1 TETE requete;;
C75.2;T.M. DU TRACTUS CRANIO-PHARYNGIEN;1 TETE requete;;
C75.3;T.M. DE L'EPIPHYSE;1 TETE requete;;
C75.4;T.M. DU CORPUSCULE CAROTIDIEN;1 TETE requete;;
C76.0;T.M. SIEGE MAL DEF. DE TETE, FACE, COU;1 TETE requete;;
C77.0;T.M. IIre OU SAI DES Ggl. LYMPH. DE TETE, FACE, COU;1 TETE requete;;
C79.3;T.M. IIre. DU CERVEAU ET DES MENINGES CEREB.;1 TETE requete;;
C79.4;T.M. IIre. DE PARTIES DU SYST. NERV., NCA OU SAI;1 TETE requete;;
D02;CARC. IN SITU DE L'OREILLE MOY. ET DE L'APP. RESP.;1 TETE requete;;
D03.2;MELANOME IN SITU DE L'OREILLE ET DU CONDUIT AUDITIF EXT.;1 TETE requete;;
D03.4;MELANOME IN SITU DU CUIR CHEVELU ET DU COU;1 TETE requete;;
D04.2;CARC. IN SITU DE LA PEAU DE L'OREILLE ET DU CONDUIT AUDITIF EXT.;1 TETE requete;;
D04.4;CARC. IN SITU DE LA PEAU DU CUIR CHEVELU ET DU COU;1 TETE requete;;
D16.4;T.B. DES OS DU CRANE ET DE LA FACE;1 TETE requete;;
D16.9;T.B. DES OS ET DU CARTILAGE ARTIC., SAI;1 TETE requete;;
D17.0;T.B. LIPOMATEUSE PEAU, TISSU /S-CUT. DE TETE, FACE, COU;1 TETE requete;;
D21.0;T.B. DU TISSU CONJ. ET DES TISSUS MOUS NCA DE TETE, FACE, COU;1 TETE requete;;
D22.2;NAEVUS A MELANOCYTES DE L'OREILLE ET DU CONDUIT AUDITIF EXT.;1 TETE requete;;
D22.4;NAEVUS A MELANOCYTES DU CUIR CHEVELU ET DU COU;1 TETE requete;;
D23.2;T.B. DE LA PEAU DE L'OREILLE ET DU CONDUIT AUDITIF EXT.;1 TETE requete;;
D23.4;T.B. DE LA PEAU DU CUIR CHEVELU ET DU COU;1 TETE requete;;
D32;T.B. DES MENINGES;1 TETE requete;;
D32.0;T.B. DES MENINGES CEREB.;1 TETE requete;;
D33;T.B. DE L'ENCEPHALE ET D'AUTRES PARTIES DU S.N.C.;1 TETE requete;;
D33.0;T.B. DE L'ENCEPHALE, SUPRATENTORIEL;1 TETE requete;;
D33.1;T.B. DE L'ENCEPHALE, INFRATENTORIEL;1 TETE requete;;
D33.2;T.B. DE L'ENCEPHALE, SAI;1 TETE requete;;
D35.2;T.B. DE L'HYPOPHYSE;1 TETE requete;;
D35.3;T.B. DU CANAL CRANIO-PHARYNGIEN;1 TETE requete;;
D35.4;T.B. DE L'EPIPHYSE;1 TETE requete;;
D35.5;T.B. DU CORPUSCULE CAROTIDIEN;1 TETE requete;;
D42.0;T. EV. IMPR., INC. DES MENINGES CEREB.;1 TETE requete;;
D43;T. EV. IMPR., INC. DE L'ENCEPHALE ET DU S.N.C.;1 TETE requete;;
D43.0;T. EV. IMPR., INC. DE L'ENCEPHALE, SUPRATENTORIEL;1 TETE requete;;
D43.1;T. EV. IMPR., INC. DE L'ENCEPHALE, INFRATENTORIEL;1 TETE requete;;
D43.2;T. EV. IMPR., INC. DE L'ENCEPHALE, SAI;1 TETE requete;;
D43.3;T. EV. IMPR., INC. DES NERFS CRANIENS;1 TETE requete;;
D44.3;T. EV. IMPR., INC. DE L'HYPOPHYSE;1 TETE requete;;
D44.4;T. EV. IMPR., INC. DU CANAL CRANIOPHARYNGIEN;1 TETE requete;;
D44.40;CRANIOPHARYNGIOME;1 TETE requete;;
D44.48;T. EV. IMPR., INC. DU CANAL CRANIOPHARYNGIEN NCA;1 TETE requete;;
D44.5;T. EV. IMPR., INC. DE L'EPIPHYSE;1 TETE requete;;
D44.6;T. EV. IMPR., INC. DU CORPUSCULE CAROTIDIEN;1 TETE requete;;
D33.3;T.B. DES NERFS CRANIENS;1a NEURINOME requete;;
H06.2;EXOPHTALMIE THYREOTOXIQUE;1b BASEDOW requete;;
C69.0;T.M. DE LA CONJONCTIVE;1c OPHTALMO requete;;
C69.1;T.M. DE LA CORNEE;1c OPHTALMO requete;;
C69.2;T.M. DE LA RETINE;1c OPHTALMO requete;;
C69.3;T.M. DE LA CHOROIDE;1c OPHTALMO requete;;
C69.4;T.M. DU CORPS CILIAIRE;1c OPHTALMO requete;;
C69.5;T.M. DE LA Gld. LACRYMALE ET DU CANAL LACRYMAL;1c OPHTALMO requete;;
C69.6;T.M. DE L'ORBITE;1c OPHTALMO requete;;
C69.8;T.M. A LOC. CONTIGUES DE L'OEIL ET DE SES ANNEXES;1c OPHTALMO requete;;
C69.9;T.M. DE L'OEIL, SAI;1c OPHTALMO requete;;
C72.3;T.M. DU NERF OPTIQUE;1c OPHTALMO requete;;
D09.2;CARC. IN SITU DE L'OEIL;1c OPHTALMO requete;;
D22.1;NAEVUS A MELANOCYTES DE LA PAUPIERE, Y COMPRIS LE CANTHUS;1c OPHTALMO requete;;
D23.1;T.B. DE LA PEAU DE LA PAUPIERE, Y COMPRIS LE CANTHUS;1c OPHTALMO requete;;
D31;T.B. DE L'OEIL ET DE SES ANNEXES;1c OPHTALMO requete;;
D31.0;T.B. DE LA CONJONCTIVE;1c OPHTALMO requete;;
D31.1;T.B. DE LA CORNEE;1c OPHTALMO requete;;
D31.2;T.B. DE LA RETINE;1c OPHTALMO requete;;
D31.3;T.B. DE LA CHOROIDE;1c OPHTALMO requete;;
D31.4;T.B. DU CORPS CILIAIRE;1c OPHTALMO requete;;
D31.5;T.B. DE LA Gld. LACRYMALE ET DU CANAL LACRYMAL;1c OPHTALMO requete;;
D31.6;T.B. DE L'ORBITE, SAI;1c OPHTALMO requete;;
D31.9;T.B. DE L'OEIL, SAI;1c OPHTALMO requete;;
C00.0;T.M. DE LA LEVRE SUP., SAI;2 COU requete;;
C00.1;T.M. DE LA LEVRE INF., SAI;2 COU requete;;
C00.2;T.M. DE LA LEVRE SAI, BORD LIBRE;2 COU requete;;
C00.3;T.M. DE LA LEVRE SUP., FACE INT.;2 COU requete;;
C00.4;T.M. DE LA LEVRE INF., FACE INT.;2 COU requete;;
C00.5;T.M. DE LA LEVRE, SAI, FACE INT.;2 COU requete;;
C00.6;T.M. DE LA COMMISSURE DES LEVRES;2 COU requete;;
C00.8;T.M. A LOC. CONTIGUES DE LA LEVRE;2 COU requete;;
C00.9;T.M. DE LA LEVRE, SAI;2 COU requete;;
C01;T.M. DE LA BASE DE LA LANGUE;2 COU requete;;
C02.0;T.M. DE LA FACE DORSALE DE LA LANGUE;2 COU requete;;
C02.1;T.M. DE LA POINTE ET DU BORD LAT. DE LA LANGUE;2 COU requete;;
C02.2;T.M. DE LA FACE ANT. DE LA LANGUE;2 COU requete;;
C02.3;T.M. DES DEUX TIERS ANT. DE LA LANGUE, SAI;2 COU requete;;
C02.4;T.M. D'UNE AMYGDALE LINGUALE;2 COU requete;;
C02.8;T.M. A LOC. CONTIGUES DE LA LANGUE;2 COU requete;;
C02.9;T.M. DE LA LANGUE, SAI;2 COU requete;;
C03.0;T.M. DE LA GENCIVE SUP.;2 COU requete;;
C03.1;T.M. DE LA GENCIVE INF.;2 COU requete;;
C03.9;T.M. DE LA GENCIVE, SAI;2 COU requete;;
C04.0;T.M. DU PLANCHER ANT. DE LA BOUCHE;2 COU requete;;
C04.1;T.M. DU PLANCHER LAT. DE LA BOUCHE;2 COU requete;;
C04.8;T.M. A LOC. CONTIGUES DU PLANCHER DE LA BOUCHE;2 COU requete;;
C04.9;T.M. DU PLANCHER DE LA BOUCHE, SAI;2 COU requete;;
C05.0;T.M. DE LA VOUTE PALATINE;2 COU requete;;
C05.1;T.M. DU VOILE DU PALAIS;2 COU requete;;
C05.2;T.M. DE LA LUETTE;2 COU requete;;
C05.8;T.M. A LOC. CONTIGUES DU PALAIS;2 COU requete;;
C05.9;T.M. DU PALAIS, SAI;2 COU requete;;
C06.0;T.M. DE LA MUQ. DE LA JOUE;2 COU requete;;
C06.1;T.M. DU VESTIBULE DE LA BOUCHE;2 COU requete;;
C06.2;T.M. DE LA REGION RETROMOLAIRE;2 COU requete;;
C06.8;T.M. A LOC. CONTIGUES DE LA BOUCHE, PARTIES NCA OU SAI;2 COU requete;;
C06.9;T.M. DE LA BOUCHE, SAI;2 COU requete;;
C07;T.M. DE LA Gld. PAROTIDE;2 COU requete;;
C08.0;T.M. DE LA Gld. SOUS-MAXILLAIRE;2 COU requete;;
C08.1;T.M. DE LA Gld. SUBLINGUALE;2 COU requete;;
C08.8;T.M. A LOC. CONTIGUES DES Gld. SALIVAIRES Ppal.;2 COU requete;;
C08.9;T.M. DE LA Gld. SALIVAIRE, SAI;2 COU requete;;
C09.0;T.M. DE LA FOSSE AMYGDALIENNE;2 COU requete;;
C09.1;T.M. DU PILIER DE L'AMYGDALE;2 COU requete;;
C09.8;T.M. A LOC. CONTIGUES DE L'AMYGDALE;2 COU requete;;
C09.9;T.M. DE L'AMYGDALE, SAI;2 COU requete;;
C10.0;T.M. DU SILLON GLOSSO-EPIGLOTTIQUE;2 COU requete;;
C10.1;T.M. DE LA FACE ANT. DE L'EPIGLOTTE;2 COU requete;;
C10.2;T.M. DE LA PAROI LAT. DE L'OROPHARYNX;2 COU requete;;
C10.3;T.M. DE LA PAROI POST. DE L'OROPHARYNX;2 COU requete;;
C10.4;T.M. DE LA FENTE BRANCHIALE;2 COU requete;;
C10.8;T.M. A LOC. CONTIGUES DE L'OROPHARYNX;2 COU requete;;
C10.9;T.M. DE L'OROPHARYNX, SAI;2 COU requete;;
C12;T.M. DU SINUS PIRIFORME;2 COU requete;;
C13.0;T.M. DE LA REGION RETRO-CRICOIDIENNE;2 COU requete;;
C13.1;T.M. DU REPLI ARY-EPIGLOTTIQUE;2 COU requete;;
C13.2;T.M. DE LA PAROI POST. DE L'HYPOPHARYNX;2 COU requete;;
C13.8;T.M. A LOC. CONTIGUES DE L'HYPOPHARYNX;2 COU requete;;
C13.9;T.M. DE L'HYPOPHARYNX, SAI;2 COU requete;;
C14.0;T.M. DU PHARYNX, SAI;2 COU requete;;
C14.2;T.M. DE L'ANNEAU DE WALDEYER;2 COU requete;;
C14.8;T.M. A LOC. CONTIGUES DE LA LEVRE, DE LA CAV. BUCC. ET DU PHARYNX;2 COU requete;;
C32.0;T.M. DE LA GLOTTE;2 COU requete;;
C32.1;T.M. DE L'ETAGE SUS-GLOTTIQUE;2 COU requete;;
C32.2;T.M. DE L'ETAGE SOUS-GLOTTIQUE;2 COU requete;;
C32.3;T.M. DU CARTILAGE LARYNGE;2 COU requete;;
C32.8;T.M. A LOC. CONTIGUES DU LARYNX;2 COU requete;;
C32.9;T.M. DU LARYNX, SAI;2 COU requete;;
C41.1;T.M. DE LA MANDIBULE;2 COU requete;;
C41.2;T.M. DU RACHIS;2 COU requete;;
C43.0;MELANOME MALIN DE LA LEVRE;2 COU requete;;
C44.0;T.M. DE LA FACE CUTANEE DE LA LEVRE;2 COU requete;;
C46.70;SARCOME DE KAPOSI O.R.L.;2 COU requete;;
C73;T.M. DE LA THYROIDE;2 COU requete;;
C75.0;T.M. DE LA PARATHYROIDE;2 COU requete;;
C75.5;T.M. DU GLOMUS AORT. ET AUTRES PARAGANGLIONS;2 COU requete;;
D00;CARC. IN SITU DE CAV. BUCC., OESOPH. ET L'ESTOM;2 COU requete;;
D00.0;CARC. IN SITU DE LA LEVRE, DE LA CAV. BUCC. ET DU PHARYNX;2 COU requete;;
D02.0;CARC. IN SITU DU LARYNX;2 COU requete;;
D03.0;MELANOME IN SITU DE LA LEVRE;2 COU requete;;
D04.0;CARC. IN SITU DE LA PEAU DE LA LEVRE;2 COU requete;;
D10;T.B. DE LA BOUCHE ET DU LARYNX;2 COU requete;;
D10.0;T.B. DE LA LEVRE;2 COU requete;;
D10.1;T.B. DE LA LANGUE;2 COU requete;;
D10.2;T.B. DU PLANCHER DE LA BOUCHE;2 COU requete;;
D10.3;T.B. DE PARTIES DE LA BOUCHE, NCA OU SAI;2 COU requete;;
D10.4;T.B. D'UNE AMYGDALE;2 COU requete;;
D10.5;T.B. D'AUTRES PARTIES DE L'OROPHARYNX;2 COU requete;;
D10.7;T.B. DE L'HYPOPHARYNX;2 COU requete;;
D10.9;T.B. DU PHARYNX, SAI;2 COU requete;;
D11;T.B. DES Gld. SALIVAIRES Ppal.;2 COU requete;;
D11.0;T.B. DE LA Gld. PAROTIDE;2 COU requete;;
D11.7;T.B. D'AUTRES Gld. SALIVAIRES Ppal.;2 COU requete;;
D11.9;T.B. DE LA Gld. SALIVAIRE Ppal., SAI;2 COU requete;;
D14;T.B. DE L'OREILLE MOY. ET DE L'APP. RESP.;2 COU requete;;
D14.1;T.B. DU LARYNX;2 COU requete;;
D16.5;T.B. DU MAXILLAIRE INF.;2 COU requete;;
D16.6;T.B. DU RACHIS;2 COU requete;;
D22.0;NAEVUS A MELANOCYTES DE LA LEVRE;2 COU requete;;
D23.0;T.B. DE LA PEAU DE LA LEVRE;2 COU requete;;
D34;T.B. DE LA THYROIDE;2 COU requete;;
D35.1;T.B. D'UNE PARATHYROIDE;2 COU requete;;
D35.6;T.B. DU GLOMUS AORT. ET AUTRES PARAGANGLIONS;2 COU requete;;
D37;T. EV. IMPR., INC. DE LA CAV. BUCC. ET DES ORG. DIG.;2 COU requete;;
D37.0;T. EV. IMPR., INC. DE LA LEVRE, DE LA CAV. BUCC. ET DU PHARYNX;2 COU requete;;
D38.0;T. EV. IMPR., INC. DU LARYNX;2 COU requete;;
D44.0;T. EV. IMPR., INC. DE LA THYROIDE;2 COU requete;;
D44.2;T. EV. IMPR., INC. D'UNE PARATHYROIDE;2 COU requete;;
D44.7;T. EV. IMPR., INC. DU GLOMUS AORT. ET AUTRES PARAGANGLIONS;2 COU requete;;
C11.0;T.M. DE LA PAROI SUP. DU RHINOPHARYNX;2c COUFACE requete;;
C11.1;T.M. DE LA PAROI POST. DU RHINOPHARYNX;2c COUFACE requete;;
C11.2;T.M. DE LA PAROI LAT. DU RHINOPHARYNX;2c COUFACE requete;;
C11.3;T.M. DE LA PAROI ANT. DU RHINOPHARYNX;2c COUFACE requete;;
C11.8;T.M. A LOC. CONTIGUES DE RHINOPHARYNX;2c COUFACE requete;;
C11.9;T.M. DU RHINOPHARYNX, SAI;2c COUFACE requete;;
C30.0;T.M. DES FOSSES NASALES;2c COUFACE requete;2b FACE requete;
C31.0;T.M. DU SINUS MAXILLAIRE;2c COUFACE requete;2b FACE requete;
C31.1;T.M. DU SINUS ETHMOIDAL;2c COUFACE requete;2b FACE requete;
C31.2;T.M. DU SINUS FRONTAL;2c COUFACE requete;2b FACE requete;
C31.3;T.M. DU SINUS SPHENOIDAL;2c COUFACE requete;2b FACE requete;
C31.8;T.M. A LOC. CONTIGUES DES SINUS DE LA FACE;2c COUFACE requete;2b FACE requete;
C31.9;T.M. DES SINUS DE LA FACE, SAI;2c COUFACE requete;2b FACE requete;
C41.0;T.M. DES OS DU CRANE ET DE LA FACE;2c COUFACE requete;2b FACE requete;
C43.1;MELANOME MALIN DE LA PAUPIERE, Y COMPRIS LE CANTHUS;2c COUFACE requete;2b FACE requete;1c OPHTALMO requete
C43.3;MELANOME MALIN DE LA FACE, PARTIES NCA OU SAI;2c COUFACE requete;2b FACE requete;1c OPHTALMO requete
C44.1;T.M. DE LA PEAU DE LA PAUPIERE, Y COMPRIS LE CANTHUS;2c COUFACE requete;2b FACE requete;1c OPHTALMO requete
C44.3;T.M. DE LA PEAU DE LA FACE, PARTIES NCA OU SAI;2c COUFACE requete;2b FACE requete;
C46.2;SARCOME DE KAPOSI DU PALAIS;2c COUFACE requete;;
D03.1;MELANOME IN SITU DE LA PAUPIERE, Y COMPRIS LE CANTHUS;2c COUFACE requete;;
D03.3;MELANOME IN SITU DE PARTIES DE LA FACE, NCA OU SAI;2c COUFACE requete;;
D04.1;CARC. IN SITU DE LA PEAU DE LA PAUPIERE, Y COMPRIS LE CANTHUS;2c COUFACE requete;;
D04.3;CARC. IN SITU DE LA PEAU DES PARTIES DE LA FACE, NCA OU SAI;2c COUFACE requete;;
D10.6;T.B. DU RHINOPHARYNX;2c COUFACE requete;2b FACE requete;
D14.0;T.B. DE L'OREILLE MOY., DES FOSSES NASALES ET DU SINUS DE LA FACE;2c COUFACE requete;;
D22.3;NAEVUS A MELANOCYTES DES PARTIES DE LA FACE, NCA OU SAI;2c COUFACE requete;;
D23.3;T.B. DE LA PEAU DES PARTIES DE LA FACE, NCA OU SAI;2c COUFACE requete;;
C50.0;T.M. DU MAMELON ET DE L'AREOLE;3 SEIN requete;;
C50.1;T.M. DE LA PARTIE CENTRALE DU SEIN;3 SEIN requete;;
C50.2;T.M. DU QUADRANT SUPERO-INT. DU SEIN;3 SEIN requete;;
C50.3;T.M. DU QUADRANT INFERO-INT. DU SEIN;3 SEIN requete;;
C50.4;T.M. DU QUADRANT SUPERO-EXT. DU SEIN;3 SEIN requete;;
C50.5;T.M. DU QUADRANT INFERO-EXT. DU SEIN;3 SEIN requete;;
C50.6;T.M. DU PROLONGEMENT AXILLAIRE DU SEIN;3 SEIN requete;;
C50.8;T.M. A LOC. CONTIGUES DU SEIN;3 SEIN requete;;
C50.9;T.M. DU SEIN, SAI;3 SEIN requete;;
D05;CARC. IN SITU DU SEIN;3 SEIN requete;;
D05.0;CARC. IN SITU LOBULAIRE;3 SEIN requete;;
D05.1;CARC. IN SITU INTRACANALICULAIRE;3 SEIN requete;;
D05.7;CARC. IN SITU DU SEIN, NCA;3 SEIN requete;;
D05.9;CARC. IN SITU DU SEIN, SAI;3 SEIN requete;;
D24;T.B. DU SEIN;3 SEIN requete;;
D48.6;T. EV. IMPR., INC. DU SEIN;3 SEIN requete;;
C15.0;T.M. DE L'OESOPHAGE CERV.;4 THORAX REQUETE;;
C15.1;T.M. DE L'OESOPHAGE THOR.;4 THORAX REQUETE;;
C15.2;T.M. DE L'OESOPHAGE ABDO.;4 THORAX REQUETE;;
C15.3;T.M. DU TIERS SUP. DE L'OESOPHAGE;4 THORAX REQUETE;;
C15.4;T.M. DU TIERS MOY. DE L'OESOPHAGE;4 THORAX REQUETE;;
C15.5;T.M. DU TIERS INF. DE L'OESOPHAGE;4 THORAX REQUETE;;
C15.8;T.M. A LOC. CONTIGUES DE L'OESOPHAGE;4 THORAX REQUETE;;
C15.9;T.M. DE L'OESOPHAGE, SAI;4 THORAX REQUETE;;
C16.0;T.M. DU CARDIA;4 THORAX REQUETE;;
C33;T.M. DE LA TRACHEE;4 THORAX REQUETE;;
C34.0;T.M. DE LA BRONCHE SOUCHE;4 THORAX REQUETE;;
C34.1;T.M. DU LOBE SUP., BRONCHES OU POUMON;4 THORAX REQUETE;;
C34.2;T.M. DU LOBE MOY., BRONCHES OU POUMON;4 THORAX REQUETE;;
C34.3;T.M. DU LOBE INF., BRONCHES OU POUMON;4 THORAX REQUETE;;
C34.8;T.M. A LOC. CONTIGUES DES BRONCHES ET DU POUMON;4 THORAX REQUETE;;
C34.9;T.M. DE BRONCHE OU DU POUMON, SAI;4 THORAX REQUETE;;
C37;T.M. DU THYMUS;4 THORAX REQUETE;;
C38.0;T.M. DU COEUR;4 THORAX REQUETE;;
C38.1;T.M. DU MEDIASTIN ANT.;4 THORAX REQUETE;;
C38.2;T.M. DU MEDIASTIN POST.;4 THORAX REQUETE;;
C38.3;T.M. DU MEDIASTIN, PARTIE SAI;4 THORAX REQUETE;;
C38.4;T.M. DE LA PLEVRE;4 THORAX REQUETE;;
C38.8;T.M. A LOC. CONTIGUES DU COEUR, DU MEDIASTIN ET DE LA PLEVRE;4 THORAX REQUETE;;
C39.0;T.M. DES VOIES RESP. SUP., PARTIE SAI;4 THORAX REQUETE;;
C39.8;T.M. A LOC. CONTIGUES DES ORG. RESP. ET INTRATHOR.;4 THORAX REQUETE;;
C39.9;T.M. DE SIEGES MAL DEFINIS DE L'APP. RESP.;4 THORAX REQUETE;;
C77.1;T.M. IIre OU SAI DES Ggl. LYMPH. INTRATHOR.;4 THORAX REQUETE;;
C16.1;T.M. DU FUNDUS;5 ABDO REQUETE;;
C16.2;T.M. DU CORPS DE L'ESTOMAC;5 ABDO REQUETE;;
C16.3;T.M. DE L'ANTRE PYLORIQUE;5 ABDO REQUETE;;
C16.4;T.M. DU PYLORE;5 ABDO REQUETE;;
C16.5;T.M. DE LA Pt. COURBURE DE L'ESTOMAC, SAI;5 ABDO REQUETE;;
C16.6;T.M. DE LA Gd. COURBURE DE L'ESTOMAC, SAI;5 ABDO REQUETE;;
C16.8;T.M. A LOC. CONTIGUES DE L'ESTOMAC;5 ABDO REQUETE;;
C16.9;T.M. DE L'ESTOMAC, SAI;5 ABDO REQUETE;;
C17.0;T.M. DU DUODENUM;5 ABDO REQUETE;;
C17.1;T.M. DU JEJUNUM;5 ABDO REQUETE;;
C17.2;T.M. DE L'ILEON;5 ABDO REQUETE;;
C17.3;T.M. DU DIVERTICULE DE MECKEL;5 ABDO REQUETE;;
C17.8;T.M. A LOC. CONTIGUES DE L'INTESTIN GRELE;5 ABDO REQUETE;;
C17.9;T.M. DE L'INTESTIN GRELE, SAI;5 ABDO REQUETE;;
C18.0;T.M. DU CAECUM;5 ABDO REQUETE;;
C18.1;T.M. DE L'APPENDICE;5 ABDO REQUETE;;
C18.2;T.M. DU COLON ASCENDANT;5 ABDO REQUETE;;
C18.3;T.M. DE L'ANGLE DROIT DU COLON;5 ABDO REQUETE;;
C18.4;T.M. DU COLON TRANSVERSE;5 ABDO REQUETE;;
C18.5;T.M. DE L'ANGLE GAUCHE DU COLON;5 ABDO REQUETE;;
C18.6;T.M. DU COLON DESCENDANT;5 ABDO REQUETE;;
C18.7;T.M. DU COLON SIGMOIDE;5 ABDO REQUETE;;
C18.8;T.M. A LOC. CONTIGUES DU COLON;5 ABDO REQUETE;;
C18.9;T.M. DU COLON, SAI;5 ABDO REQUETE;;
C19;T.M. DE LA JONCTION RECTO-SIGMOIDIENNE;5 ABDO REQUETE;;
C20;T.M. DU RECTUM;5 ABDO REQUETE;;
C21.0;T.M. DE L'ANUS, SAI;5 ABDO REQUETE;;
C21.1;T.M. DU CANAL ANAL;5 ABDO REQUETE;;
C21.2;T.M. DE LA ZONE CLOACALE;5 ABDO REQUETE;;
C22.1;CARC. DU CANAL BIL. INTRAHEPATIQUE;5 ABDO REQUETE;;
C22.2;HEPATOBLASTOME;5 ABDO REQUETE;;
C22.3;ANGIOSARCOME DU FOIE;5 ABDO REQUETE;;
C22.4;SARCOMES DU FOIE, NCA;5 ABDO REQUETE;;
C22.7;CARC. DU FOIE PREC., NCA;5 ABDO REQUETE;;
C22.9;T.M. DU FOIE, SAI;5 ABDO REQUETE;;
C23;T.M. DE LA VESICULE BIL.;5 ABDO REQUETE;;
C24.0;T.M. DU CANAL BIL. EXTRA-HEPATIQUE;5 ABDO REQUETE;;
C24.1;T.M. DE L'AMPOULE DE VATER;5 ABDO REQUETE;;
C24.8;T.M. A LOC. CONTIGUES DES VOIES BIL.;5 ABDO REQUETE;;
C24.9;T.M. DES VOIES BIL., SAI;5 ABDO REQUETE;;
C25.0;T.M. DE LA TETE DU PANCREAS;5 ABDO REQUETE;;
C25.1;T.M. DU CORPS DU PANCREAS;5 ABDO REQUETE;;
C25.2;T.M. DE LA QUEUE DU PANCREAS;5 ABDO REQUETE;;
C25.3;T.M. DU CANAL PANCREATIQUE;5 ABDO REQUETE;;
C25.4;T.M. DU PANCREAS ENDOCRINE;5 ABDO REQUETE;;
C25.7;T.M. D'AUTRES PARTIES DU PANCREAS;5 ABDO REQUETE;;
C25.8;T.M. A LOC. CONTIGUES DU PANCREAS;5 ABDO REQUETE;;
C25.9;T.M. DU PANCREAS, SAI;5 ABDO REQUETE;;
C26.0;T.M. DU TRACTUS INTEST.;5 ABDO REQUETE;;
C26.1;T.M. DE LA RATE;5 ABDO REQUETE;;
C26.8;T.M. A LOC. CONTIGUES DE L'APP. DIG.;5 ABDO REQUETE;;
C26.9;T.M. DE SIEGES MAL DEFINIS DE L'APP. DIG.;5 ABDO REQUETE;;
C74.0;T.M. DU CORTEX DE LA SURRENALE;5 ABDO REQUETE;;
C74.1;T.M. DE LA MEDULLOSURRENALE;5 ABDO REQUETE;;
C74.9;T.M. DE LA SURRENALE, SAI;5 ABDO REQUETE;;
C76.2;T.M. SIEGE MAL DEF. DE L'ABDO.;5 ABDO REQUETE;;
C77.2;T.M. IIre OU SAI DES Ggl. LYMPH. INTRA-ABDO.;5 ABDO REQUETE;;
C51.0;T.M. DE LA Gd. LEVRE;6 GYNECO REQUETE;;
C51.1;T.M. DE LA Pt. LEVRE;6 GYNECO REQUETE;;
C51.2;T.M. DU CLITORIS;6 GYNECO REQUETE;;
C51.8;T.M. A LOC. CONTIGUES DE LA VULVE;6 GYNECO REQUETE;;
C51.9;T.M. DE LA VULVE, SAI;6 GYNECO REQUETE;;
C52;T.M. DU VAGIN;6 GYNECO REQUETE;;
C53.0;T.M. DE L'ENDOCOL;6 GYNECO REQUETE;;
C53.1;T.M. DE L'EXOCOL;6 GYNECO REQUETE;;
C53.8;T.M. A LOC. CONTIGUES DU COL DE L'UTERUS;6 GYNECO REQUETE;;
C53.9;T.M. DU COL DE L'UTERUS, SAI;6 GYNECO REQUETE;;
C54.0;T.M. DE L'ISTHME DE L'UTERUS;6 GYNECO REQUETE;;
C54.1;T.M. DE L'ENDOMETRE;6 GYNECO REQUETE;;
C54.2;T.M. DU MYOMETRE;6 GYNECO REQUETE;;
C54.3;T.M. DU FOND DE L'UTERUS;6 GYNECO REQUETE;;
C54.8;T.M. A LOC. CONTIGUES DU CORPS DE L'UTERUS;6 GYNECO REQUETE;;
C54.9;T.M. DU CORPS DE L'UTERUS, SAI;6 GYNECO REQUETE;;
C55;T.M. DE L'UTERUS, PARTIE SAI;6 GYNECO REQUETE;;
C56;T.M. DE L'OVAIRE;6 GYNECO REQUETE;;
C57.0;T.M. D'UNE TROMPE DE FALLOPE;6 GYNECO REQUETE;;
C57.1;T.M. D'UN LIG. LARGE;6 GYNECO REQUETE;;
C57.2;T.M. D'UN LIG. ROND;6 GYNECO REQUETE;;
C57.3;T.M. D'UN PARAMETRE;6 GYNECO REQUETE;;
C57.4;T.M. DES ANNEXES DE L'UTERUS, SAI;6 GYNECO REQUETE;;
C57.7;T.M. D'AUTRES ORG. GEN. DE LA FEMME PREC.;6 GYNECO REQUETE;;
C57.8;T.M. A LOC. CONTIGUES DES ORG. GEN. DE LA FEMME;6 GYNECO REQUETE;;
C57.9;T.M. D'UN ORG. GEN. DE LA FEMME, SAI;6 GYNECO REQUETE;;
C58;T.M. DU PLACENTA;6 GYNECO REQUETE;;
C60.0;T.M. DU PREPUCE;7 URO REQUETE;;
C60.1;T.M. DU GLAND;7 URO REQUETE;;
C60.2;T.M. DU CORPS DE LA VERGE;7 URO REQUETE;;
C60.8;T.M. A LOC. CONTIGUES DE LA VERGE;7 URO REQUETE;;
C60.9;T.M. DE LA VERGE, SAI;7 URO REQUETE;;
C61;T.M. DE LA PROSTATE;7 URO REQUETE;;
C62.0;T.M. DU TESTICULE ECTOPIQUE;7 URO REQUETE;;
C62.1;T.M. DU TESTICULE DESCENDU;7 URO REQUETE;;
C62.9;T.M. DU TESTICULE, SAI;7 URO REQUETE;;
C63.0;T.M. DE L'EPIDIDYME;7 URO REQUETE;;
C63.1;T.M. DU CORDON SPERMATIQUE;7 URO REQUETE;;
C63.2;T.M. DU SCROTUM;7 URO REQUETE;;
C63.7;T.M. D'AUTRES ORG. GEN. DE L'HOMME PREC.;7 URO REQUETE;;
C63.8;T.M. A LOC. CONTIGUES DES ORG. GEN. DE L'HOMME;7 URO REQUETE;;
C63.9;T.M. D'UN ORG. GEN. DE L'HOMME, SAI;7 URO REQUETE;;
C64;T.M. DU REIN, A L'EXCEPTION DU BASSINET;7 URO REQUETE;;
C65;T.M. DU BASSINET;7 URO REQUETE;;
C66;T.M. DE L'URETERE;7 URO REQUETE;;
C67.0;T.M. DU TRIGONE DE LA VESSIE;7 URO REQUETE;;
C67.1;T.M. DU DOME DE LA VESSIE;7 URO REQUETE;;
C67.2;T.M. DE LA PAROI LAT. DE LA VESSIE;7 URO REQUETE;;
C67.3;T.M. DE LA PAROI ANT. DE LA VESSIE;7 URO REQUETE;;
C67.4;T.M. DE LA PAROI POST. DE LA VESSIE;7 URO REQUETE;;
C67.5;T.M. DU COL VESICAL;7 URO REQUETE;;
C67.6;T.M. DE L'ORIFICE URETERAL;7 URO REQUETE;;
C67.7;T.M. DE L'OURAQUE;7 URO REQUETE;;
C67.8;T.M. A LOC. CONTIGUES DE LA VESSIE;7 URO REQUETE;;
C67.9;T.M. DE LA VESSIE, SAI;7 URO REQUETE;;
C68.0;T.M. DE L'URETRE;7 URO REQUETE;;
C68.1;T.M. DE LA Gld. URETRALE;7 URO REQUETE;;
C68.8;T.M. A LOC. CONTIGUES DES ORG. URIN.;7 URO REQUETE;;
C68.9;T.M. D'UN ORG. URIN., SAI;7 URO REQUETE;;
C49.1;T.M. DU TISSU CONJ. ET DES TISSUS MOUS NCA DU Mb. SUP., EPAULE;8 MEMBRE REQUETE;;
C49.2;T.M. DU TISSU CONJ. ET DES TISSUS MOUS NCA DU Mb. INF., HANCHE;8 MEMBRE REQUETE;;
C22.0;CARC. HEPATOCELLULAIRE;JBC_CHC;15 ABDO REQUETE;
C21.8;T.M. A LOC. CONTIGUES DU RECTUM, DE L'ANUS ET DU CANAL ANAL;7 URO REQUETE;;
C40.0;T.M. DE L'OMOPLATE ET DES OS LONGS DU Mb. SUP.;8 MEMBRE REQUETE;;
C40.1;T.M. DES OS COURTS DU Mb. SUP.;9 MEMBRE REQUETE;;
C40.2;T.M. DES OS LONGS DU Mb. INF.;10 MEMBRE REQUETE;;
C40.3;T.M. DES OS COURTS DU Mb. INF.;11 MEMBRE REQUETE;;
C40.8;T.M. A LOC. CONTIGUES DES OS ET DU CARTILAGE ARTIC. DES Mb.;12 MEMBRE REQUETE;;
C40.9;T.M. DES OS ET DU CARTILAGE ARTIC. D'UN Mb., SAI;13 MEMBRE REQUETE;;
C41.3;T.M. DES COTES, DU STERNUM ET DE LA CLAVICULE;4 THORAX REQUETE;;
C41.4;T.M. DES OS DU PELVIS, DU SACRUM ET DU COCCYX;7 URO REQUETE;;
C43.5;MELANOME MALIN DU TRONC;4 THORAX REQUETE;;
C43.6;MELANOME MALIN DU Mb. SUP., Y COMPRIS L'EPAULE;8 MEMBRE REQUETE;;
C43.7;MELANOME MALIN DU Mb. INF., Y COMPRIS LA HANCHE;8 MEMBRE REQUETE;;
C44.5;T.M. DE LA PEAU DU TRONC;4 THORAX REQUETE;;
C44.6;T.M. DE LA PEAU DU Mb. SUP., Y COMPRIS L'EPAULE;8 MEMBRE REQUETE;;
C44.7;T.M. DE LA PEAU DU Mb. INF., Y COMPRIS LA HANCHE;8 MEMBRE REQUETE;;
C45.0;MESOTHELIOME DE LA PLEVRE;4 THORAX REQUETE;;
C45.1;MESOTHELIOME DU PERITOINE;4 THORAX REQUETE;;
C45.2;MESOTHELIOME DU PERICARDE;4 THORAX REQUETE;;
C46.3;SARCOME DE KAPOSI DES Ggl. LYMPH.;;;
C46.7;SARCOME DE KAPOSI D'AUTRES SIEGES;;;
C46.71;SARCOME DE KAPOSI DIGESTIF;5 ABDO REQUETE;;
C46.72;SARCOME DE KAPOSI PULM.;4 THORAX REQUETE;;
C46.78;SARCOME DE KAPOSI DE LOC. NCA;;;
C46.8;SARCOME DE KAPOSI D'ORG. MULT.;;;
C46.9;SARCOME DE KAPOSI, SAI;;;
C47.1;T.M. DES NERFS PERIPH. DU Mb. SUP., Y COMPRIS L'EPAULE;8 MEMBRE REQUETE;;
C47.2;T.M. DES NERFS PERIPH. DU Mb. INF., Y COMPRIS LA HANCHE;8 MEMBRE REQUETE;;
C47.3;T.M. DES NERFS PERIPH. DU THOR.;4 THORAX REQUETE;;
C47.4;T.M. DES NERFS PERIPH. DE L'ABDO.;5 ABDO REQUETE;;
C47.5;T.M. DES NERFS PERIPH. DU PELVIS;7 URO REQUETE;;
C47.6;T.M. DES NERFS PERIPH. DU TRONC, SAI;4 THORAX REQUETE;;
C47.8;T.M. A LOC. CONTIGUES DES NERFS PERIPH. ET DU SYST. NERV. AUTONOME;;;
C47.9;T.M. DES NERFS PERIPH. ET DU SYST. NERV. AUTONOME, SAI;;;
C48.0;T.M. DU RETROPERITOINE;5 ABDO REQUETE;;
C48.1;T.M. DES PARTIES PREC. DU PERITOINE;5 ABDO REQUETE;;
C48.2;T.M. DU PERITOINE, SAI;5 ABDO REQUETE;;
C48.8;T.M. A LOC. CONTIGUES DU RETROPERITOINE ET DU PERITOINE;5 ABDO REQUETE;;
C49.3;T.M. DU TISSU CONJ. ET DES TISSUS MOUS NCA DU THOR.;4 THORAX REQUETE;;
C49.30;T.M. DES Vssx DU THORAX;4 THORAX REQUETE;;
C49.38;T.M. DU TISSU CONJ. ET TISSUS MOUS NCA DU THORAX;4 THORAX REQUETE;;
C49.4;T.M. DU TISSU CONJ. ET DES TISSUS MOUS NCA DE L'ABDO.;5 ABDO REQUETE;;
C49.40;T.M. DES Vssx DE L'ABDO.;5 ABDO REQUETE;;
C49.48;T.M. DU TISSU CONJ. ET TISSUS MOUS NCA DE L'ABDO.;5 ABDO REQUETE;;
C49.5;T.M. DU TISSU CONJ. ET DES TISSUS MOUS NCA DU PELVIS;7 URO REQUETE;6 GYNECO REQUETE;7c PROSTATE REQUETE
C49.50;T.M. DES Vssx DU BASSIN;7 URO REQUETE;6 GYNECO REQUETE;7c PROSTATE REQUETE
C49.58;T.M. DU TISSU CONJ. ET TISSUS MOUS NCA, DU BASSIN;7 URO REQUETE;6 GYNECO REQUETE;7c PROSTATE REQUETE
C49.6;T.M. DU TISSU CONJ. ET DES TISSUS MOUS NCA DU TRONC, SAI;4 THORAX REQUETE;5 ABDO REQUETE;
C49.8;T.M. A LOC. CONTIGUES DU TISSU CONJ. ET DES TISSUS MOUS NCA;;;
C49.9;T.M. DU TISSU CONJ. ET DES TISSUS MOUS NCA, DE SIEGE SAI;;;
C75.8;T.M. DE PLUS. Gld. ENDOCRINES, SAI;;;
C75.9;T.M. D'UNE Gld. ENDOCRINE, SAI;;;
C76.1;T.M. SIEGE MAL DEF. DU THOR.;4 THORAX REQUETE;;
C76.3;T.M. SIEGE MAL DEF. DU PELVIS;7 URO REQUETE;6 GYNECO REQUETE;7c PROSTATE REQUETE
C76.4;T.M. SIEGE MAL DEF. D'UN Mb. SUP.;8 MEMBRE REQUETE;;
C76.5;T.M. SIEGE MAL DEF. D'UN Mb. INF.;8 MEMBRE REQUETE;;
C76.7;T.M. D'AUTRES SIEGES MAL DEFINIS;;;
C76.8;T.M. A LOC. CONTIGUES SIEGES MAL DEF.;;;
C77.3;T.M. IIre OU SAI DES Ggl. LYMPH. DE L'AISSELLE ET DU Mb. SUP.;4 THORAX REQUETE;;
C77.4;T.M. IIre OU SAI DES Ggl. LYMPH. INGUINAUX ET DU Mb. INF.;7 URO REQUETE;6 GYNECO REQUETE;7c PROSTATE REQUETE
C77.5;T.M. IIre OU SAI DES Ggl. LYMPH. INTRAPELVIENS;7 URO REQUETE;6 GYNECO REQUETE;7c PROSTATE REQUETE
C77.8;T.M. IIre OU SAI DES Ggl. LYMPH. DE SIEGES MULT.;;;
C77.9;T.M. IIre OU SAI D'UN Ggl. LYMPH. SAI;;;
C78.0;T.M. IIre. DU POUMON;4 THORAX REQUETE;;
C78.1;T.M. IIre. DU MEDIASTIN;4 THORAX REQUETE;;
C78.2;T.M. IIre. DE LA PLEVRE;4 THORAX REQUETE;;
C78.3;T.M. IIre. DES ORG. RESP., NCA OU SAI;4 THORAX REQUETE;;
C78.4;T.M. IIre. DE L'INTESTIN GRELE;5 ABDO REQUETE;;
C78.5;T.M. IIre. DU GROS INTESTIN ET DU RECTUM;5 ABDO REQUETE;;
C78.6;T.M. IIre. DU RETROPERITOINE ET DU PERITOINE;5 ABDO REQUETE;;
C78.7;T.M. IIre. DU FOIE;5 ABDO REQUETE;;
C78.8;T.M. IIre. DES ORG. DIG., NCA OU SAI;5 ABDO REQUETE;;
C79.0;T.M. IIre. DU REIN ET DU BASSINET;5 ABDO REQUETE;;
C79.1;T.M. IIre. DE LA VESSIE ET DES ORG. URIN., NCA OU SAI;7 URO REQUETE;6 GYNECO REQUETE;7c PROSTATE REQUETE
C79.2;T.M. IIre. DE LA PEAU;;;
C79.5;T.M. IIre. DES OS ET DE LA MOELLE OSSEUSE;9 METAOS REQUETE;;
C79.6;T.M. IIre. DE L'OVAIRE;;;
C79.7;T.M. IIre. DE LA Gld. SURRENALE;5 ABDO REQUETE;;
C79.8;T.M. IIre. D'AUTRES SIEGES PREC.;;;
C80;T.M. DE SIEGE SAI;;;
C80.+0;T.M. PRIMITIVE DE SIEGE INCONNU;;;
C81.0;MAL. DE HODGKIN AVEC PREDOMINANCE LYMPHOCYTAIRE;;;
C81.1;MAL. DE HODGKIN AVEC SCLEROSE NODULAIRE;;;
C81.2;MAL. DE HODGKIN CELLULAIRE MIXTE;;;
C81.3;MAL. DE HODGKIN AVEC DEPLETION LYMPHOCYTAIRE;;;
C81.7;MAL. DE HODGKIN, NCA;;;
C81.9;MAL. DE HODGKIN, SAI;;;
C82.0;LYMPHOME FOLLICULAIRE A Pt. CELL. ENCOCHEES;;;
C82.1;LYMPHOME FOLLICULAIRE AVEC Pt. CELL. ENCOCHEES ET Gd. CELL.;;;
C82.2;LYMPHOME FOLLICULAIRE A Gd. CELL.;;;
C82.7;LYMPHOME NON HODGKINIEN, FOLLICULAIRE, NCA;;;
C82.9;LYMPHOME FOLLICULAIRE NON HODGKINIEN, SAI;;;
C83.0;LYMPHOME A Pt. CELL.;;;
C83.1;LYMPHOME A Pt. CELL. ENCOCHEES;;;
C83.2;LYMPHOME AVEC MELANGE DE Pt. ET Gd. CELL.;;;
C83.3;LYMPHOME A Gd. CELL.;;;
C83.4;LYMPHOME IMMUNOBLASTIQUE;;;
C83.5;LYMPHOME LYMPHOBLASTIQUE;;;
C83.6;LYMPHOME INDIFFERENCIE;;;
C83.7;T. DE BURKITT;;;
C83.8;LYMPHOME DIFFUS NON HODGKINIEN, NCA;;;
C83.9;LYMPHOME DIFFUS NON HODGKINIEN, SAI;;;
C84.0;MYCOSIS FONGOIDE;;;
C84.1;RETICULOSE DE SEZARY;;;
C84.2;LYMPHOME DE LA ZONE T;;;
C84.3;LYMPHOME LYMPHO-EPITHELIOIDE;;;
C84.4;LYMPHOME PERIPH. A CELL. T;;;
C84.5;LYMPHOMES A CELL. T, NCA OU SAI;;;
C85.0;LYMPHOSARCOME;;;
C85.1;LYMPHOMES A CELL. B, SAI;;;
C85.7;TYPES PREC. DE LYMPHOME NON HODGKINIEN, NCA;;;
C85.9;LYMPHOME NON HODGKINIEN, DE TYPE SAI;;;
C88.0;MACROGLOBULINEMIE DE WALDENSTROM;;;
C88.1;MAL. DES CHAINES LOURDES ALPHA;;;
C88.2;MAL. DES CHAINES LOURDES GAMMA;;;
C88.3;MAL. IMMUNOPROLIFERATIVE DE L'INTESTIN GRELE;;;
C88.7;MAL. IMMUNOPROLIFERATIVES MALIGNES, NCA;;;
C88.9;MAL. IMMUNOPROLIFERATIVE, SAI;;;
C90.0;MYELOME MULT.;;;
C90.1;LEUCEMIE A PLASMOCYTES;;;
C90.2;PLASMOCYTOME EXTRA-MEDULLAIRE;;;
C91.0;LEUCEMIE LYMPHOBLASTIQUE AIG.;;;
C91.1;LEUCEMIE LYMPHOIDE CHRON.;;;
C91.2;LEUCEMIE LYMPHOIDE SUBAIG.;;;
C91.3;LEUCEMIE A PROLYMPHOCYTES;;;
C91.4;LEUCEMIE A TRICHOLEUCOCYTES;;;
C91.5;LEUCEMIE DE L'ADULTE A CELL. T;;;
C91.7;LEUCEMIES LYMPHOIDES, NCA;;;
C91.9;LEUCEMIE LYMPHOIDE, SAI;;;
C92.0;LEUCEMIE MYELOIDE AIG.;;;
C92.1;LEUCEMIE MYELOIDE CHRON.;;;
C92.2;LEUCEMIE MYELOIDE SUBAIG.;;;
C92.3;SARCOME MYELOIDE;;;
C92.4;LEUCEMIE PROMYELOCYTAIRE AIG.;;;
C92.5;LEUCEMIE MYELOMONOCYTAIRE AIG.;;;
C92.7;LEUCEMIES MYELOIDES, NCA;;;
C92.9;LEUCEMIE MYELOIDE, SAI;;;
C93.0;LEUCEMIE MONOCYTAIRE AIG.;;;
C93.1;LEUCEMIE MONOCYTAIRE CHRON.;;;
C93.2;LEUCEMIE MONOCYTAIRE SUBAIG.;;;
C93.7;LEUCEMIES MONOCYTAIRES, NCA;;;
C93.9;LEUCEMIE MONOCYTAIRE, SAI;;;
C94.0;POLYGLOBULIE PRIMITIVE AIG. ET ERYTHROLEUCOSE;;;
C94.1;POLYGLOBULIE PRIMITIVE CHRON.;;;
C94.2;LEUCEMIE A MEGACARYOCYTES;;;
C94.3;LEUCEMIE A MASTOCYTES;;;
C94.4;PANMYELOSE AIG.;;;
C94.5;MYELOFIBROSE AIG.;;;
C94.7;LEUCEMIES PREC., NCA;;;
C95.0;LEUCEMIE AIG. A CELL. SAI;;;
C95.1;LEUCEMIE CHRON. A CELL. SAI;;;
C95.2;LEUCEMIE SUBAIG. A CELL. SAI;;;
C95.7;LEUCEMIES NCA, A CELL. SAI;;;
C95.9;LEUCEMIE, SAI;;;
C96.0;MAL. DE LETTERER-SIWE;;;
C96.1;HISTIOCYTOSE MALIGNE;;;
C96.2;T.M. A MASTOCYTES;;;
C96.3;LYMPHOME HISTIOCYTAIRE VRAI;;;
C96.7;T.M. PREC. DES TISSUS LYMPHOIDE, HEMATO. ET APPARENTES, NCA;;;
C96.9;T.M. DES TISSUS LYMPHOIDE, HEMATO. ET APPARENTES, SAI;;;
C97;T.M. DE SIEGES MULT. INDEPENDANTS;;;
D00.1;CARC. IN SITU DE L'OESOPHAGE;4 THORAX REQUETE;;
D00.2;CARC. IN SITU DE L'ESTOMAC;5 ABDO REQUETE;;
D01;CARC. IN SITU DES ORG. DIG., NCA OU SAI;5 ABDO REQUETE;;
D01.0;CARC. IN SITU DU COLON;5 ABDO REQUETE;;
D01.1;CARC. IN SITU DE LA JONCTION RECTO-SIGMOIDIENNE;5 ABDO REQUETE;;
D01.2;CARC. IN SITU DU RECTUM;7 URO REQUETE;6 GYNECO REQUETE;7c PROSTATE REQUETE
D01.3;CARC. IN SITU DE L'ANUS ET DU CANAL ANAL;7 URO REQUETE;6 GYNECO REQUETE;7c PROSTATE REQUETE
D01.4;CARC. IN SITU DE PARTIES DE L'INTESTIN, NCA OU SAI;;;
D01.5;CARC. IN SITU DU FOIE, DE LA VESICULE ET DES VOIES BIL.;5 ABDO REQUETE;;
D01.7;CARC. IN SITU D'AUTRES ORG. DIG. PREC.;5 ABDO REQUETE;;
D01.9;CARC. IN SITU D'UN ORG. DIG., SAI;5 ABDO REQUETE;;
D02.1;CARC. IN SITU DE LA TRACHEE;4 THORAX REQUETE;;
D02.2;CARC. IN SITU DES BRONCHES ET DU POUMON;4 THORAX REQUETE;;
D02.3;CARC. IN SITU D'AUTRES PARTIES DE L'APP. RESP.;4 THORAX REQUETE;;
D02.4;CARC. IN SITU DE L'APP. RESP., SAI;4 THORAX REQUETE;;
D03;MELANOME IN SITU;8 MEMBRE REQUETE;;
D03.5;MELANOME IN SITU DU TRONC;4 THORAX REQUETE;;
D03.6;MELANOME IN SITU DU Mb. SUP., Y COMPRIS L'EPAULE;8 MEMBRE REQUETE;;
D03.7;MELANOME IN SITU DU Mb. INF., Y COMPRIS LA HANCHE;8 MEMBRE REQUETE;;
D03.8;MELANOME IN SITU D'AUTRES SIEGES;8 MEMBRE REQUETE;;
D03.9;MELANOME IN SITU, SAI;8 MEMBRE REQUETE;;
D04;CARC. IN SITU DE LA PEAU;8 MEMBRE REQUETE;;
D04.5;CARC. IN SITU DE LA PEAU DU TRONC;4 THORAX REQUETE;;
D04.6;CARC. IN SITU DE LA PEAU DU Mb. SUP., Y COMPRIS L'EPAULE;8 MEMBRE REQUETE;;
D04.7;CARC. IN SITU DE LA PEAU DU Mb. INF., Y COMPRIS LA HANCHE;8 MEMBRE REQUETE;;
D04.8;CARC. IN SITU DE LA PEAU D'AUTRES SIEGES;8 MEMBRE REQUETE;;
D04.9;CARC. IN SITU DE LA PEAU, SAI;8 MEMBRE REQUETE;;
D06;CARC. IN SITU DU COL DE L'UTERUS;6 GYNECO REQUETE;;
D06.0;CARC. IN SITU DE L'ENDOCOL;6 GYNECO REQUETE;;
D06.1;CARC. IN SITU DE L'EXOCOL;6 GYNECO REQUETE;;
D06.7;CARC. IN SITU D'AUTRES PARTIES DU COL DE L'UTERUS;6 GYNECO REQUETE;;
D06.9;CARC. IN SITU DU COL DE L'UTERUS, SAI;6 GYNECO REQUETE;;
D07;CARC. IN SITU D'ORG. GEN., NCA OU SAI;6 GYNECO REQUETE;;
D07.0;CARC. IN SITU DE L'ENDOMETRE;6 GYNECO REQUETE;;
D07.1;CARC. IN SITU DE LA VULVE;6 GYNECO REQUETE;;
D07.2;CARC. IN SITU DU VAGIN;6 GYNECO REQUETE;;
D07.3;CARC. IN SITU D'ORG. GEN. DE LA FEMME, NCA OU SAI;6 GYNECO REQUETE;;
D07.4;CARC. IN SITU DE LA VERGE;6 GYNECO REQUETE;;
D07.5;CARC. IN SITU DE LA PROSTATE;7c PROSTATE REQUETE;;
D07.6;CARC. IN SITU D'ORG. GEN. DE L'HOMME, NCA OU SAI;7c PROSTATE REQUETE;;
D09;CARC. IN SITU DE SIEGES NCA OU SAI;;;
D09.0;CARC. IN SITU DE LA VESSIE;7 URO REQUETE;6 GYNECO REQUETE;7c PROSTATE REQUETE
D09.1;CARC. IN SITU D'ORG. URIN., NCA OU SAI;7 URO REQUETE;6 GYNECO REQUETE;7c PROSTATE REQUETE
D09.3;CARC. IN SITU DE LA THYROIDE ET AUTRES Gld. ENDOCRINES;2 COU requete;;
D09.7;CARC. IN SITU D'AUTRES SIEGES PREC.;;;
D09.9;CARC. IN SITU, SAI;;;
D12;T.B. DU COLON, DU RECTUM, DE L'ANUS ET DU CANAL ANAL;;;
D12.0;T.B. DU CAECUM;;;
D12.1;T.B. DE L'APPENDICE;;;
D12.2;T.B. DU COLON ASCENDANT;;;
D12.3;T.B. DU COLON TRANSVERSE;;;
D12.4;T.B. DU COLON DESCENDANT;;;
D12.5;T.B. DU COLON SIGMOIDE;;;
D12.6;T.B. DU COLON, SAI;;;
D12.7;T.B. DE LA JONCTION RECTO-SIGMOIDIENNE;;;
D12.8;T.B. DU RECTUM;;;
D12.9;T.B. DE L'ANUS ET DU CANAL ANAL;;;
D13;T.B. DE PARTIES AUTRES ET MAL DEFINIES DE L'APP. DIG.;;;
D13.0;T.B. DE L'OESOPHAGE;;;
D13.1;T.B. DE L'ESTOMAC;;;
D13.2;T.B. DU DUODENUM;;;
D13.3;T.B. DE PARTIES DE L'INTESTIN GRELE, NCA OU SAI;;;
D13.4;T.B. DU FOIE;;;
D13.5;T.B. DES VOIES BIL. EXTRA-HEPATIQUES;;;
D13.6;T.B. DU PANCREAS;;;
D13.7;T.B. DU PANCREAS ENDOCRINE;;;
D13.9;T.B. DE SIEGES MAL DEFINIS DE L'APP. DIG.;;;
D13.90;T.B. DE LA RATE;;;
D14.2;T.B. DE LA TRACHEE;;;
D14.3;T.B. DES BRONCHES ET DU POUMON;;;
D14.4;T.B. DE L'APP. RESP., SAI;;;
D15;T.B. DES ORG. INTRATHOR., NCA OU SAI;;;
D15.0;T.B. DU THYMUS;;;
D15.1;T.B. DU COEUR;;;
D15.2;T.B. DU MEDIASTIN;;;
D15.7;T.B. D'AUTRES ORG. INTRATHOR. PREC.;;;
D15.9;T.B. D'UN ORG. INTRATHOR., SAI;;;
D16;T.B. DES OS ET DU CARTILAGE ARTIC.;;;
D16.0;T.B. DE L'OMOPLATE ET DES OS LONGS DU Mb. SUP.;;;
D16.1;T.B. DES OS COURTS DU Mb. SUP.;;;
D16.2;T.B. DES OS LONGS DU Mb. INF.;;;
D16.3;T.B. DES OS COURTS DU Mb. INF.;;;
D16.7;T.B. DES COTES, DU STERNUM ET DE LA CLAVICULE;;;
D16.8;T.B. DES OS DU BASSIN, DU SACRUM ET DU COCCYX;;;
D17;T.B. LIPOMATEUSE;;;
D17.1;T.B. LIPOMATEUSE PEAU, TISSU /S-CUT. DU TRONC;;;
D17.2;T.B. LIPOMATEUSE PEAU, TISSU /S-CUT. DES Mb.;;;
D17.3;T.B. LIPOMATEUSE PEAU, TISSU /S-CUT., DE SIEGES NCA OU SAI;;;
D17.4;T.B. LIPOMATEUSE DES ORG. INTRATHOR.;;;
D17.5;T.B. LIPOMATEUSE DES ORG. INTRA-ABDO.;;;
D17.6;T.B. LIPOMATEUSE DU CORDON SPERMATIQUE;;;
D17.7;T.B. LIPOMATEUSE D'AUTRES SIEGES;;;
D17.9;T.B. LIPOMATEUSE, SAI;;;
D18;HEMANGIOME ET LYMPHANGIOME, TOUT SIEGE;8 MEMBRE REQUETE;;
D18.0;HEMANGIOME, TOUT SIEGE;8 MEMBRE REQUETE;;
D18.1;LYMPHANGIOME, TOUT SIEGE;;;
D19;T.B. DU TISSU MESOTHELIAL;;;
D19.0;T.B. DU TISSU MESOTHELIAL DE LA PLEVRE;;;
D19.1;T.B. DU TISSU MESOTHELIAL DU PERITOINE;;;
D19.7;T.B. DU TISSU MESOTHELIAL D'AUTRES SIEGES;;;
D19.9;T.B. DU TISSU MESOTHELIAL, SAI;;;
D20;T.B. DES TISSUS MOUS DU RETROPERITOINE ET DU PERITOINE;;;
D20.0;T.B. DU RETROPERITOINE;;;
D20.1;T.B. DU PERITOINE;;;
D21;T.B. DU TISSU CONJ. ET DES TISSUS MOUS NCA;;;
D21.1;T.B. DU TISSU CONJ. ET DES TISSUS MOUS NCA DU Mb. SUP., EPAULE;;;
D21.2;T.B. DU TISSU CONJ. ET DES TISSUS MOUS NCA DU Mb. INF., HANCHE;;;
D21.3;T.B. DU TISSU CONJ. ET DES TISSUS MOUS NCA DU THOR.;;;
D21.30;T.B. DES Vssx DU THORAX;;;
D21.38;T.B. DU TISSU CONJ. ET TISSUS MOUS NCA DU THORAX;;;
D21.4;T.B. DU TISSU CONJ. ET DES TISSUS MOUS NCA DE L'ABDO.;;;
D21.40;T.B. DES Vssx DE L'ABDO.;;;
D21.48;T.B. DU TISSU CONJ. ET TISSUS MOUS NCA DE L'ABDO.;;;
D21.5;T.B. DU TISSU CONJ. ET DES TISSUS MOUS NCA DU BASSIN;;;
D21.50;T.B. DES Vssx DU BASSIN;;;
D21.58;T.B. DU TISSU CONJ. ET TISSUS MOUS NCA, DU BASSIN;;;
D21.6;T.B. DU TISSU CONJ. ET DES TISSUS MOUS NCA DU TRONC, SAI;;;
D21.9;T.B. DU TISSU CONJ. ET DES TISSUS MOUS NCA, DE SIEGE SAI;;;
D22;NAEVUS A MELANOCYTES;;;
D22.5;NAEVUS A MELANOCYTES DU TRONC;;;
D22.6;NAEVUS A MELANOCYTES DU Mb. SUP., Y COMPRIS L'EPAULE;;;
D22.7;NAEVUS A MELANOCYTES DU Mb. INF., Y COMPRIS LA HANCHE;;;
D22.9;NAEVUS A MELANOCYTES, SAI;;;
D23;T.B. DE LA PEAU, NCA;;;
D23.5;T.B. DE LA PEAU DU TRONC;;;
D23.6;T.B. DE LA PEAU DU Mb. SUP., Y COMPRIS L'EPAULE;;;
D23.7;T.B. DE LA PEAU DU Mb. INF., Y COMPRIS LA HANCHE;;;
D23.9;T.B. DE LA PEAU, SAI;;;
D25;LEIOMYOME DE L'UTERUS;;;
D25.0;LEIOMYOME SOUS-MUQ. DE L'UTERUS;;;
D25.1;LEIOMYOME INTRAMURAL DE L'UTERUS;;;
D25.2;LEIOMYOME SOUS-SEREUX DE L'UTERUS;;;
D25.9;LEIOMYOME DE L'UTERUS, SAI;;;
D26;T.B. DE L'UTERUS, NCA;;;
D26.0;T.B. DU COL DE L'UTERUS;;;
D26.1;T.B. DU CORPS DE L'UTERUS;;;
D26.7;T.B. D'AUTRES PARTIES DE L'UTERUS;;;
D26.9;T.B. DE L'UTERUS, SAI;;;
D27;T.B. DE L'OVAIRE;;;
D28;T.B. DES ORG. GEN. DE LA FEMME, NCA OU SAI;;;
D28.0;T.B. DE LA VULVE;;;
D28.1;T.B. DU VAGIN;;;
D28.2;T.B. DE LA TROMPE ET DES LIG. DE L'UTERUS;;;
D28.7;T.B. D'AUTRES ORG. GEN. DE LA FEMME PREC.;;;
D28.9;T.B. D'UN ORG. GEN. DE LA FEMME, SAI;;;
D29;T.B. DES ORG. GEN. DE L'HOMME;;;
D29.0;T.B. DE LA VERGE;;;
D29.1;T.B. DE LA PROSTATE;;;
D29.2;T.B. DU TESTICULE;;;
D29.3;T.B. DE L'EPIDIDYME;;;
D29.4;T.B. DU SCROTUM;;;
D29.7;T.B. D'AUTRES ORG. GEN. DE L'HOMME;;;
D29.9;T.B. D'UN ORG. GEN. DE L'HOMME, SAI;;;
D30;T.B. DES ORG. URIN.;;;
D30.0;T.B. DU REIN;;;
D30.1;T.B. DU BASSINET RENAL;;;
D30.2;T.B. DE L'URETERE;;;
D30.3;T.B. DE LA VESSIE;;;
D30.4;T.B. DE L'URETRE;;;
D30.7;T.B. D'AUTRES ORG. URIN.;;;
D30.9;T.B. D'UN ORG. URIN., SAI;;;
D32.1;T.B. DES MENINGES RACH.;;;
D32.9;T.B. DES MENINGES, SAI;;;
D33.4;T.B. DE LA MOELLE EP.;;;
D33.7;T.B. D'AUTRES PARTIES PREC. DU S.N.C.;;;
D33.9;T.B. DU SYST. NERV. CENTRAL, SAI;;;
D35;T.B. DES Gld. ENDOCRINES, NCA OU SAI;;;
D35.0;T.B. DE LA SURRENALE;;;
D35.7;T.B. D'AUTRES Gld. ENDOCRINES PREC.;;;
D35.8;T.B. DE PLUS. Gld. ENDOCRINES;;;
D35.9;T.B. D'UNE Gld. ENDOCRINE, SAI;;;
D36;T.B. DE SIEGES NCA OU SAI;;;
D36.0;T.B. DES Ggl. LYMPH.;;;
D36.1;T.B. DES NERFS PERIPH. ET DU SYST. NERV. AUTONOME;;;
D36.7;T.B. D'AUTRES SIEGES PREC.;;;
D36.9;T.B. DE SIEGE SAI;;;
D37.1;T. EV. IMPR., INC. DE L'ESTOMAC;;;
D37.2;T. EV. IMPR., INC. DE L'INTESTIN GRELE;;;
D37.3;T. EV. IMPR., INC. DE L'APPENDICE;;;
D37.4;T. EV. IMPR., INC. DU COLON;;;
D37.5;T. EV. IMPR., INC. DU RECTUM;;;
D37.6;T. EV. IMPR., INC. DU FOIE, DE LA VESICULE ET DES VOIES BIL.;;;
D37.7;T. EV. IMPR., INC. D'AUTRES ORG. DIG.;;;
D37.9;T. EV. IMPR., INC. DE L'APP. DIG., SAI;;;
D38;T. EV. IMPR., INC. OREILLE MOY. ET ORG. RESP. ET INTRATHOR.;;;
D38.1;T. EV. IMPR., INC. DE LA TRACHEE, DES BRONCHES ET DU POUMON;;;
D38.2;T. EV. IMPR., INC. DE LA PLEVRE;;;
D38.3;T. EV. IMPR., INC. DU MEDIASTIN;;;
D38.4;T. EV. IMPR., INC. DU THYMUS;;;
D38.5;T. EV. IMPR., INC. D'AUTRES ORG. RESP.;;;
D38.6;T. EV. IMPR., INC. DE L'APP. RESP., SAI;;;
D39;T. EV. IMPR., INC. DES ORG. GEN. DE LA FEMME;;;
D39.0;T. EV. IMPR., INC. DE L'UTERUS;;;
D39.1;T. EV. IMPR., INC. DE L'OVAIRE;;;
D39.2;T. EV. IMPR., INC. DU PLACENTA;;;
D39.7;T. EV. IMPR., INC. D'AUTRES ORG. GEN. DE LA FEMME;;;
D39.9;T. EV. IMPR., INC. D'UN ORG. GEN. DE LA FEMME, SAI;;;
D40;T. EV. IMPR., INC. DES ORG. GEN. DE L'HOMME;;;
D40.0;T. EV. IMPR., INC. DE LA PROSTATE;;;
D40.1;T. EV. IMPR., INC. DU TESTICULE;;;
D40.7;T. EV. IMPR., INC. D'AUTRES ORG. GEN. DE L'HOMME;;;
D40.9;T. EV. IMPR., INC. D'UN ORG. GEN. DE L'HOMME, SAI;;;
D41;T. EV. IMPR., INC. DES ORG. URIN.;;;
D41.0;T. EV. IMPR., INC. DU REIN;;;
D41.1;T. EV. IMPR., INC. DU BASSINET;;;
D41.2;T. EV. IMPR., INC. DE L'URETERE;;;
D41.3;T. EV. IMPR., INC. DE L'URETRE;;;
D41.4;T. EV. IMPR., INC. DE LA VESSIE;;;
D41.7;T. EV. IMPR., INC. D'AUTRES ORG. URIN.;;;
D41.9;T. EV. IMPR., INC. D'UN ORG. URIN., SAI;;;
D42;T. EV. IMPR., INC. DES MENINGES;;;
D42.1;T. EV. IMPR., INC. DES MENINGES RACH.;;;
D42.9;T. EV. IMPR., INC. DES MENINGES, SAI;;;
D43.4;T. EV. IMPR., INC. DE LA MOELLE EP.;;;
D43.7;T. EV. IMPR., INC. D'AUTRES PARTIES DU S.N.C.;;;
D43.9;T. EV. IMPR., INC. DU SYST. NERV. CENTRAL, SAI;;;
D44;T. EV. IMPR., INC. DES Gld. ENDOCRINES;;;
D44.1;T. EV. IMPR., INC. DE LA SURRENALE;;;
D44.8;T. EV. IMPR., INC. DE PLUS. Gld. ENDOCRINES;;;
D44.9;T. EV. IMPR., INC. D'UNE Gld. ENDOCRINE, SAI;;;
D45;POLYGLOBULIE ESSENTIELLE;;;
D46;SYND. MYELODYSPLASIQUES;;;
D46.0;ANEMIE REFRACTAIRE NON SIDEROBLASTIQUE, AINSI PREC.;;;
D46.1;ANEMIE REFRACTAIRE SIDEROBLASTIQUE;;;
D46.2;ANEMIE REFRACTAIRE AVEC EXCES DE BLASTES;;;
D46.3;ANEMIE REFRACTAIRE AVEC EXCES DE BLASTES EN TRANSFORM.;;;
D46.4;ANEMIE REFRACTAIRE, SAI;;;
D46.7;SYND. MYELODYSPLASIQUES, NCA;;;
D46.9;SYND. MYELODYSPLASIQUE, SAI;;;
D47;T. EV. IMPR., INC. DES TISSUS LYMPHOIDE, HEMATO. ET APPARENTES, NCA;;;
D47.0;T. EV. IMPR., INC. A HISTIOCYTES ET MASTOCYTES;;;
D47.1;MAL. MYELOPROLIFERATIVE;;;
D47.2;GAMMAPATHIE MONOCLONALE;;;
D47.3;THROMBOCYTEMIE ESSENTIELLE;;;
D47.7;T. EV. IMPR., INC. PREC. TISS. LYMPHOIDE, HEMATO. ET APPARENTES, NCA;;;
D47.9;T. EV. IMPR., INC. DES TISSUS LYMPHOIDE, HEMATO. ET APPARENTES, SAI;;;
D48;T. EV. IMPR., INC. DE SIEGES NCA OU SAI;;;
D48.0;T. EV. IMPR., INC. DES OS ET DU CARTILAGE ARTIC.;;;
D48.1;T. EV. IMPR., INC. DU TISSU CONJ. ET DES TISSUS MOUS NCA;;;
D48.2;T. EV. IMPR., INC. DES NERFS PERIPH. ET DU SYST. NERV. AUTONOME;;;
D48.3;T. EV. IMPR., INC. DU RETROPERITOINE;;;
D48.30;TERATOME SACRO-COCCYGIEN [DYSEMBRYOME];;;
D48.38;T. EV. IMPR., INC. DU RETROPERITOINE NCA ET SAI;;;
D48.4;T. EV. IMPR., INC. DU PERITOINE;;;
D48.5;T. EV. IMPR., INC. DE LA PEAU;;;
D48.7;T. EV. IMPR., INC. D'AUTRES SIEGES PREC.;;;
D48.9;T. EV. IMPR., INC. DE SIEGE SAI;;;
